userId,username,password
13000000000,user0,123456
13000000001,user1,123456
13000000002,user2,123456
13000000003,user3,123456
13000000004,user4,123456
13000000005,user5,123456
13000000006,user6,123456
13000000007,user7,123456
13000000008,user8,123456
13000000009,user9,123456
13000000010,user10,123456
13000000011,user11,123456
13000000012,user12,123456
13000000013,user13,123456
13000000014,user14,123456
13000000015,user15,123456
13000000016,user16,123456
13000000017,user17,123456
13000000018,user18,123456
13000000019,user19,123456
13000000020,user20,123456
13000000021,user21,123456
13000000022,user22,123456
13000000023,user23,123456
13000000024,user24,123456
13000000025,user25,123456
13000000026,user26,123456
13000000027,user27,123456
13000000028,user28,123456
13000000029,user29,123456
13000000030,user30,123456
13000000031,user31,123456
13000000032,user32,123456
13000000033,user33,123456
13000000034,user34,123456
13000000035,user35,123456
13000000036,user36,123456
13000000037,user37,123456
13000000038,user38,123456
13000000039,user39,123456
13000000040,user40,123456
13000000041,user41,123456
13000000042,user42,123456
13000000043,user43,123456
13000000044,user44,123456
13000000045,user45,123456
13000000046,user46,123456
13000000047,user47,123456
13000000048,user48,123456
13000000049,user49,123456
13000000050,user50,123456